# The reviewed departures from the Arlington PDF Model, which tools/AdCodicem.Pdf.Arlington applies when it
# generates src/AdCodicem.Pdf/Validation/Arlington/ArlingtonModel.g.cs. Tab-separated; lines starting with # are
# comments. Object and Key may each list several names, separated by commas.
#
# Column says what an override does:
# - a column of the model (Type, SinceVersion, DeprecatedIn, Required, Inheritable, PossibleValues, Link): the cell
#   is replaced by Value, written in the model's own grammar, before the tables are built;
# - Findings, Value none: the row stays as the model has it, and the generated rules Rule lists stay silent on that
#   key, because a hand-written rule reports the fault: the Reason reads "covered by <that rule>";
# - Inheritance, Value AcroForm/DA: the walk also takes the key from the interactive form dictionary's /DA.
# Rule names the generated rules the override changes.
#
# The bar (ADR 44, as settled on 2026-09-28): a content override is made only when ISO 32000-1, the version the
# files declare, does not require what the model says, and its Reason quotes the text; a genuine ISO 32000-1
# violation stays a finding, declared in tests/corpus/manifest.json. A generator test fails when an override no
# longer changes the pinned model, or silences a rule the row can no longer give: it must then go.
#
# Checked against ISO 32000-1 and dropped: letting an Order sub-array (ArrayOfOptContentOrders) hold arrays, in
# its element 0 or after it. ISO 32000-1 8.11.4.3, Table 101 calls the nested arrays "Arrays of optional content
# groups which may be displayed by a conforming reader in a tree or outline structure" whose only other element is
# a first "text string to be used as a non-selectable label": a sub-array nested in a sub-array is not described,
# so Esri's stays a declared finding.
#
# Checked against ISO 32000-1 and dropped: letting a Type 3 font's Encoding be a name (FontType3/Encoding, Type and
# Link). ISO 32000-1 9.6.5, Table 112 gives its type as "name or dictionary", but the same row's text reads "(Required)
# An encoding dictionary whose Differences array shall specify the complete character encoding for this font": ISO
# 32000-1 requires the dictionary the model wants, so the AFP Batch Processor's /Encoding /WinAnsiEncoding stays a
# declared finding.
Object	Key	Column	Value	Rule	Reason	Evidence
XObjectFormType1	Resources	Required	fn:IsRequired(fn:SinceVersion(2.0))	object.key-missing	ISO 32000-1 8.10.2, Table 95 gives a form XObject's Resources as "(Optional but strongly recommended; PDF 1.2)"; the model makes it required from PDF 1.2 on, so the requirement is kept for PDF 2.0 files only	9 clean corpus documents, all signature appearance streams: cairo, Excel 365, FOP 2.2, InDesign with iTextSharp, Word 2010, Antenna House, Foxit x2, and one hand-written file
Resource	Encoding	DeprecatedIn		object.key-deprecated	ISO 32000-1 7.8.3 says "Each key in a resource dictionary shall be the name of a resource type, as shown in Table 33", and Table 33 has no Encoding: the row is PDF 1.0's named-encoding resource (its note reads "see Adobe PDF Reference 1.0, 6.8.3"), whose deprecation in 1.2 ISO 32000-1 does not state; Acrobat's AcroForm /DR reuses the name for its PDFDocEncoding dictionary	33 clean corpus documents and 8 others, every occurrence in an AcroForm /DR: Acrobat, PDFMaker, InDesign, LiveCycle, PageMaker, Word 365, LibreOffice 4.4, ReportLab 5.0.1, Quartz, PDFium, veraPDF test files
FontDescriptorCIDType0,FontDescriptorCIDType2,FontDescriptorTrueType,FontDescriptorType1,FontDescriptorType3	FontWeight	Type	number	object.value-type-wrong	ISO 32000-1 9.8.1, Table 122 types FontWeight as a number: "FontWeight number (Optional; PDF 1.5; should be used for Type 3 fonts in Tagged PDF documents)"; the model's integer (pdf-issues #474) is stricter than the version the files declare	2 clean corpus documents: Distiller 10 (Arbortext) and PDFBox 3.0.6 (SwissQRBill) write reals such as 400.0
SignatureBuildDataAppDict,SignatureBuildDataDict,SignatureBuildDataSigQDict	V	DeprecatedIn		object.key-deprecated	ISO 32000-1 12.8.1, Table 252 defines Prop_Build only as "A dictionary that may be used by a signature handler to record information that captures the state of the computer environment used for signing" and leaves its contents to Adobe's specification ("[T]he PDF Signature Build Dictionary Specification, provides implementation guidelines for the use of this dictionary"): ISO 32000-1 deprecates nothing in it	6 clean corpus documents: PDFMaker 11, LiveCycle ES10 x2, Designer 6.4 and 6.5, InDesign 15.1 with Acrobat
SignatureBuildDataAppDict	REx	Type	name;string-text	object.value-type-wrong	ISO 32000-1 12.8.1, Table 252 leaves the contents of Prop_Build, REx among them, to Adobe's PDF Signature Build Dictionary Specification ("[T]he PDF Signature Build Dictionary Specification, provides implementation guidelines for the use of this dictionary") and types none of them	2 clean corpus documents from govinfo.gov, written by iText Core 7.2.3, give REx as a name
FieldBtnCheckbox,FieldBtnPush,FieldBtnRadio,FieldChoice,FieldTx	DA	Inheritance	AcroForm/DA	object.key-missing	ISO 32000-1 12.7.2, Table 218 gives the interactive form dictionary's DA as "A document-wide default value for the DA attribute of variable text fields"; the model inherits DA through /Parent only	1 clean corpus document: a PDFMaker 21 CERFA form whose fields take /DA from the AcroForm
ArrayOfOptContentOrders	0	Required	FALSE	object.key-missing	ISO 32000-1 8.11.4.3, Table 101 describes Order's nested arrays as "Arrays of optional content groups" and says "Each nested array may optionally have as its first element a text string": nothing requires a nested array to hold an element	1 clean corpus document: Esri ArcSOC 10.8.1 writes an empty sub-array in /Order
XObjectFormType1	FormType,Matrix	Required	FALSE	object.key-missing	ISO 32000-1 8.10.2, Table 95 gives FormType as "(Optional) A code identifying the type of form XObject that this dictionary describes. The only valid value is 1. Default value: 1." and Matrix as "(Optional) An array of six numbers specifying the form matrix, which maps form space into user space", with "Default value: the identity matrix [ 1 0 0 1 0 0 ]", in every version; the model requires both before PDF 1.3	2 clean corpus documents declaring PDF 1.2: IRS forms from Distiller 2.0 (6 forms) and Distiller 3.0 (102 appearance streams)
XObjectFormType1	Name	Required	fn:IsRequired(fn:IsPDFVersion(1.0))	object.key-missing	ISO 32000-1 8.10.2, Table 95 gives a form XObject's Name as "(Required in PDF 1.0; optional otherwise)"; the model requires it before PDF 1.3, so the requirement is kept for PDF 1.0 files only, as the model already has it for fonts and images	The same 2 clean corpus documents declaring PDF 1.2, and 1 other: IRS forms from Distiller 2.0 and Distiller 3.0, and an IBM ID Workbench (XPP) manual whose 21 forms have no /Name
OptContentCreatorInfo	SubType	Type	name;string-text	object.value-type-wrong	ISO 32000-1 8.11.4.4, Table 102 requires a CreatorInfo dictionary's Creator and Subtype and says "Additional entries may be included to present information relevant to the creating application or related applications": SubType is no ISO 32000-1 key but the model's Malforms extension row for a misspelled Subtype, and ISO 32000-1 types no additional entry; the Subtype it lacks stays object.key-missing's finding	2 clean corpus documents: Esri ArcSOC 10.8.1 and ArcMap 10.2.2 write /SubType (Layer), a text string, in place of /Subtype
OptContentCreatorInfo	SubType	PossibleValues	[Artwork,Technical,*];[]	object.value-type-wrong	The PossibleValues that go with the Type above: the model's open list for a name, none for a string	As the Type override of the same row
PageObject	MediaBox	Findings	none	object.key-missing,object.value-type-wrong	covered by page-tree.mediabox-invalid, which reports a page with no /MediaBox on itself or an ancestor — absent, or null, written so or through a reference —, and a /MediaBox that is not an array of four numbers	PR 1's hand-written rule and PageTreeRuleTests: Pages_that_inherit_no_media_box_are_each_reported, A_media_box_that_is_no_rectangle_is_reported_where_it_is_written, A_media_box_given_as_null_is_missing
PageTreeNode,PageTreeNodeRoot	MediaBox	Findings	none	object.value-type-wrong	covered by page-tree.mediabox-invalid, which reports a /MediaBox that is not an array of four numbers on the node where it is written	PR 1's hand-written rule and PageTreeRuleTests: A_node_s_media_box_that_is_no_rectangle_is_reported_once_at_the_node
PageObject	Resources	Findings	none	object.key-missing	covered by page-tree.resources-missing, which reports a page with no /Resources on itself or an ancestor — absent, or null, written so or through a reference —; a /Resources of the wrong type is not that rule's, and object.value-type-wrong still reports it	PR 1's hand-written rule and PageTreeRuleTests: Pages_that_inherit_no_resources_are_each_reported, Resources_given_as_null_are_missing
PageObject	Parent	Findings	none	object.value-type-wrong	covered by page-tree.parent-wrong, which reports a page whose /Parent is missing or is not a reference to the node that lists it; the model requires /Parent through a predicate on /Type, which the rules do not evaluate, so object.key-missing never reports it	PR 1's hand-written rule and PageTreeRuleTests: A_page_whose_parent_is_not_the_node_listing_it_is_a_warning
PageTreeNode	Parent	Findings	none	object.key-missing,object.value-type-wrong	covered by page-tree.parent-wrong, which reports a node whose /Parent is missing or is not a reference to the node that lists it	PR 1's hand-written rule and PageTreeRuleTests: A_node_without_parent_and_a_root_with_one_are_reported
PageTreeNode,PageTreeNodeRoot	Kids	Findings	none	object.key-missing,object.value-type-wrong	covered by page-tree.kids-missing, which reports a node whose /Kids is missing, null, or not an array, written so or through a reference; a reference to an object the file lacks or the reader could not produce is object.reference-missing's or the cross-reference rules'	PR 1's hand-written rule and PageTreeRuleTests: A_node_without_a_kids_array_lists_no_page, A_kids_entry_naming_an_object_that_is_no_array_lists_no_page
PageTreeNode,PageTreeNodeRoot	Count	Findings	none	object.key-missing	covered by page-tree.count-mismatch, which reports a node without /Count — absent, or null, written so or through a reference —, whether or not the pages below it can be counted; a /Count that is not an integer is not that rule's, and object.value-type-wrong still reports it	PR 1's hand-written rule and PageTreeRuleTests: A_count_that_is_not_the_number_of_pages_below_is_a_warning, A_count_that_is_no_integer_is_not_this_rule_s, A_count_given_as_null_is_missing, A_node_without_kids_lacks_its_count_as_well, A_node_whose_pages_cannot_be_counted_still_lacks_its_count
ArrayOfPageTreeNodeKids	*	Findings	none	object.value-type-wrong	covered by page-tree.kid-invalid, which reports a kid that is null, a stream, or anything but a dictionary	PR 1's hand-written rule and PageTreeRuleTests: A_kid_that_is_no_page_takes_a_blank_page_s_place, A_page_given_a_stream_body_is_read_through_its_dictionary
